Sample_ID,Sample_Class,Variant_Description,Replicate,Events_Recorded,Singlet_Cell_Count,Median_FAST_Fluorescence_AU,Mean_FAST_Fluorescence_AU,Robust_CV_percent,Percent_FAST_Positive,FSC_Median,SSC_Median
HSFAST_ONLY,Control,"hsFAST tag only, no enzyme",1,41098,26136,7369,8289,32.8,97.1,56171,20601
HSFAST_ONLY,Control,"hsFAST tag only, no enzyme",2,45027,29376,7741,8931,44.4,98.0,61729,24954
HSFAST_ONLY,Control,"hsFAST tag only, no enzyme",3,48896,31321,6478,7260,45.4,99.5,60836,22178
WT_ENZYME_ONLY,Control,"WT host enzyme only, no tag",1,46722,21024,306,353,48.4,0.5,52485,22084
WT_ENZYME_ONLY,Control,"WT host enzyme only, no tag",2,55093,34703,274,303,55.6,1.9,59306,24880
WT_ENZYME_ONLY,Control,"WT host enzyme only, no tag",3,43848,25997,278,324,45.8,0.5,60958,21083
WT_HSFAST_FUSION,Control,WT enzyme + hsFAST (reference),1,40312,27623,2908,3313,50.3,88.4,56681,17600
WT_HSFAST_FUSION,Control,WT enzyme + hsFAST (reference),2,46684,30886,3158,3582,47.6,92.2,53506,21794
WT_HSFAST_FUSION,Control,WT enzyme + hsFAST (reference),3,50916,31797,2893,3270,56.4,94.5,59129,22840
FLUOROGEN_ONLY,Control,no protein (buffer/cells + fluorogen),1,43134,28541,303,346,45.6,1.4,58010,21817
FLUOROGEN_ONLY,Control,no protein (buffer/cells + fluorogen),2,51490,31149,292,340,48.7,0.5,52704,18492
FLUOROGEN_ONLY,Control,no protein (buffer/cells + fluorogen),3,46529,30048,301,340,43.6,4.4,59311,22479
V001,Library_Variant,K249T,1,49704,34265,1916,2225,46.3,83.3,58649,19799
V001,Library_Variant,K249T,2,48625,32280,2506,2976,52.9,82.1,54945,23337
V001,Library_Variant,K249T,3,47441,27621,2577,2921,40.0,82.1,59400,18020
V002,Library_Variant,I90W,1,45674,29713,1706,1959,36.4,72.0,58379,22067
V002,Library_Variant,I90W,2,44728,25781,1744,2061,53.9,67.4,59456,24468
V002,Library_Variant,I90W,3,40892,26225,1721,1913,44.4,65.3,62221,27742
V003,Library_Variant,F190Q,1,45278,28775,418,463,44.9,9.2,56693,17645
V003,Library_Variant,F190Q,2,48577,31041,391,447,41.8,8.2,55901,23943
V003,Library_Variant,F190Q,3,47763,31519,423,507,54.7,10.7,59663,18366
V004,Library_Variant,D65T,1,51693,31864,2882,3407,55.1,89.4,54313,20423
V004,Library_Variant,D65T,2,40551,26460,2732,3032,43.5,88.3,58010,19200
V004,Library_Variant,D65T,3,43902,23054,2630,3065,58.4,87.4,55139,20369
V005,Library_Variant,T236A,1,45167,28254,1248,1421,55.0,53.5,58012,25125
V005,Library_Variant,T236A,2,47128,28785,1010,1132,46.1,54.9,61261,23472
V005,Library_Variant,T236A,3,45497,28666,1339,1492,42.1,54.9,62713,15118
V006,Library_Variant,S198R,1,40566,23810,1380,1608,44.2,61.5,65864,25324
V006,Library_Variant,S198R,2,40509,25348,1540,1787,32.6,64.6,52879,19171
V006,Library_Variant,S198R,3,41399,27391,1643,1893,36.8,66.7,57966,17697
V007,Library_Variant,L87R,1,49533,30570,5507,6152,45.0,99.5,60400,25641
V007,Library_Variant,L87R,2,39048,23650,7105,8299,56.4,95.4,59345,20754
V007,Library_Variant,L87R,3,46338,31247,5280,5998,39.8,99.5,56435,20554
V008,Library_Variant,S139M,1,39620,27585,2083,2314,33.3,76.9,57858,24097
V008,Library_Variant,S139M,2,42405,27901,2425,2678,49.7,83.5,59812,19681
V008,Library_Variant,S139M,3,46471,27435,2027,2330,30.0,82.1,58085,22369
V009,Library_Variant,M18N,1,42610,29070,2262,2684,39.0,81.4,58218,20011
V009,Library_Variant,M18N,2,41413,26715,1737,1968,52.8,81.0,55679,19492
V009,Library_Variant,M18N,3,45438,30433,2264,2512,42.6,79.9,56569,20881
V010,Library_Variant,D40G,1,51916,36469,2191,2613,50.6,81.9,56800,21895
V010,Library_Variant,D40G,2,44018,30358,2097,2315,57.3,81.4,51054,16166
V010,Library_Variant,D40G,3,54015,36255,2431,2866,36.7,80.5,58543,19946
V011,Library_Variant,K195Q,1,42023,24042,300,346,51.9,2.3,54911,21128
V011,Library_Variant,K195Q,2,40516,28022,351,403,44.2,0.5,49110,20166
V011,Library_Variant,K195Q,3,53263,33015,360,426,48.8,7.0,59203,17436
V012,Library_Variant,L170V,1,46029,31224,3019,3522,45.8,83.8,58937,17187
V012,Library_Variant,L170V,2,46215,30067,2653,3009,38.5,89.1,63950,22125
V012,Library_Variant,L170V,3,46975,28357,2926,3404,40.4,88.2,54696,26544
V013,Library_Variant,C172S,1,47530,26873,2699,3050,45.2,86.0,59128,25591
V013,Library_Variant,C172S,2,43299,29262,2747,3274,43.1,86.0,52454,23069
V013,Library_Variant,C172S,3,49318,27335,2527,3023,55.3,89.3,60653,21972
V014,Library_Variant,P166M,1,46310,32587,1929,2276,49.9,81.7,61923,14119
V014,Library_Variant,P166M,2,40110,25943,2199,2498,46.7,84.1,55069,19387
V014,Library_Variant,P166M,3,47711,29622,2647,2954,32.9,85.4,59842,17616
V015,Library_Variant,C236N,1,48126,30935,3165,3530,42.6,87.3,60086,20979
V015,Library_Variant,C236N,2,51155,30048,2941,3417,35.0,91.4,65134,23389
V015,Library_Variant,C236N,3,51305,32787,3100,3649,44.5,89.4,55083,22979
V016,Library_Variant,H16P,1,41093,22528,368,411,44.1,3.7,58758,20800
V016,Library_Variant,H16P,2,46622,26130,280,322,53.8,4.2,62604,20654
V016,Library_Variant,H16P,3,43535,28536,401,460,43.9,4.4,57663,20051
V017,Library_Variant,H290L,1,46607,31606,2118,2511,46.6,75.2,55681,18951
V017,Library_Variant,H290L,2,38577,20894,1935,2226,37.0,68.3,58350,23700
V017,Library_Variant,H290L,3,38442,23467,1774,2110,44.9,75.9,63459,22080
V018,Library_Variant,F125H,1,48951,27478,2574,3027,51.4,82.0,59051,21429
V018,Library_Variant,F125H,2,40032,25866,2271,2623,38.5,83.0,54320,22709
V018,Library_Variant,F125H,3,44047,28847,2130,2394,55.3,84.5,51257,20896
V019,Library_Variant,Y17T,1,36011,19657,6136,6830,49.8,99.1,58673,19284
V019,Library_Variant,Y17T,2,43946,27272,5666,6724,37.1,91.1,56642,23589
V019,Library_Variant,Y17T,3,46392,31503,5596,6423,50.3,98.4,54273,25821
V020,Library_Variant,F24T,1,43825,29450,1634,1936,39.5,73.2,58758,20748
V020,Library_Variant,F24T,2,46779,25805,2036,2309,40.4,71.1,55682,19604
V020,Library_Variant,F24T,3,48641,30289,1684,1967,40.9,71.6,56745,21336
V021,Library_Variant,V271G,1,45729,30477,2424,2724,41.6,84.7,52921,21060
V021,Library_Variant,V271G,2,45132,30754,2617,2977,35.8,84.4,50915,21830
V021,Library_Variant,V271G,3,37705,19334,3031,3580,41.1,86.9,61017,18636
V022,Library_Variant,G197L,1,46700,30477,334,396,44.8,5.2,59027,21573
V022,Library_Variant,G197L,2,38602,23716,359,422,53.9,9.6,62346,22219
V022,Library_Variant,G197L,3,44808,28405,365,431,48.0,6.3,55830,22277
V023,Library_Variant,D152N,1,45209,30203,2891,3296,40.7,80.3,61762,21462
V023,Library_Variant,D152N,2,39510,23250,2372,2664,48.6,81.4,58467,20959
V023,Library_Variant,D152N,3,44082,24529,2242,2630,52.8,79.0,59610,15206
V024,Library_Variant,S198Y,1,44196,26309,4645,5343,45.2,99.0,56379,24055
V024,Library_Variant,S198Y,2,37080,24754,4611,5313,35.0,97.3,58412,26729
V024,Library_Variant,S198Y,3,46007,28989,3847,4414,54.3,94.9,58902,19323
V025,Library_Variant,K127I,1,37732,25636,1861,2211,49.2,73.0,59166,19258
V025,Library_Variant,K127I,2,42122,27885,1827,2139,42.2,76.2,56277,21595
V025,Library_Variant,K127I,3,42606,24180,1905,2105,35.0,70.5,59313,19882
V026,Library_Variant,T55H,1,45636,23444,3637,4010,38.1,88.0,58758,25567
V026,Library_Variant,T55H,2,34759,23012,2709,3035,44.9,87.8,57638,18570
V026,Library_Variant,T55H,3,49712,27844,2864,3246,50.2,86.1,55879,25615
V027,Library_Variant,H38A,1,45168,28250,2442,2888,42.3,79.5,57901,20485
V027,Library_Variant,H38A,2,41311,26255,1861,2111,36.4,78.9,56756,24546
V027,Library_Variant,H38A,3,46412,28098,2257,2638,40.6,78.0,60857,19141
V028,Library_Variant,C215S,1,52694,39171,1897,2195,53.7,77.9,54702,21169
V028,Library_Variant,C215S,2,44350,25242,1790,2091,38.6,74.2,60695,18797
V028,Library_Variant,C215S,3,50037,32266,2722,3201,36.9,80.2,53690,21506
V029,Library_Variant,Q213K,1,40574,26956,351,388,46.7,0.5,61881,23662
V029,Library_Variant,Q213K,2,46232,28430,324,363,34.4,4.2,52073,20218
V029,Library_Variant,Q213K,3,46991,28889,317,378,42.9,4.1,56689,21222
V030,Library_Variant,E151W,1,36212,19239,2060,2369,46.3,87.1,58876,20983
V030,Library_Variant,E151W,2,43826,22991,2538,3044,52.5,86.1,60462,23932
V030,Library_Variant,E151W,3,41057,25401,2660,3007,52.0,88.4,60391,21138
V031,Library_Variant,W150D,1,43835,30856,2165,2502,46.6,84.3,55118,19590
V031,Library_Variant,W150D,2,45147,25918,2444,2896,36.8,79.3,56769,22587
V031,Library_Variant,W150D,3,41886,26034,2269,2559,50.7,84.8,61340,21944
V032,Library_Variant,Q136L,1,46304,29535,2128,2435,55.9,86.4,57331,22628
V032,Library_Variant,Q136L,2,39625,22854,2356,2640,42.1,82.8,52149,22752
V032,Library_Variant,Q136L,3,42944,27272,2996,3363,51.1,87.3,51575,21640
V033,Library_Variant,E76K,1,41475,23771,369,436,49.8,9.4,51101,20361
V033,Library_Variant,E76K,2,42504,29054,335,382,42.9,4.8,59929,20688
V033,Library_Variant,E76K,3,46959,27751,354,390,47.0,6.1,59631,22324
V034,Library_Variant,H188Q,1,43572,24256,2419,2810,41.7,94.8,54500,23465
V034,Library_Variant,H188Q,2,40422,27216,2683,3088,37.7,91.3,60344,16874
V034,Library_Variant,H188Q,3,44850,25649,3111,3650,36.5,96.1,55833,19076
V035,Library_Variant,P283H,1,36887,21851,1801,2106,30.7,75.9,55091,18909
V035,Library_Variant,P283H,2,45968,26605,2522,2846,33.6,75.3,60906,18114
V035,Library_Variant,P283H,3,43937,26066,1975,2347,41.5,76.1,59552,21572
V036,Library_Variant,C41I,1,45471,32504,1968,2246,44.3,74.9,53711,22848
V036,Library_Variant,C41I,2,42477,26826,1655,1862,49.4,75.9,57193,19114
V036,Library_Variant,C41I,3,46758,30732,1941,2203,40.4,72.5,58741,23316
V037,Library_Variant,H113Y,1,54963,33384,1874,2208,45.4,70.7,55869,22042
V037,Library_Variant,H113Y,2,50349,33294,1865,2236,45.3,69.4,53953,25265
V037,Library_Variant,H113Y,3,42028,27700,1976,2360,47.1,71.8,59525,21035
V038,Library_Variant,W208L,1,47543,23767,3618,4163,36.7,92.3,58657,19853
V038,Library_Variant,W208L,2,48315,29321,4554,5146,43.2,95.8,61189,18615
V038,Library_Variant,W208L,3,38793,22510,4096,4649,59.4,93.8,60113,22195
V039,Library_Variant,L227G,1,57858,37510,2546,2811,37.4,88.1,59866,19817
V039,Library_Variant,L227G,2,46227,30000,2092,2451,35.9,89.4,57011,20585
V039,Library_Variant,L227G,3,38668,20537,2818,3361,44.6,84.8,57163,21136
V040,Library_Variant,Y231G,1,46832,30410,2435,2773,30.9,86.6,54308,21380
V040,Library_Variant,Y231G,2,47105,30135,3135,3607,42.7,87.2,60014,21316
V040,Library_Variant,Y231G,3,36863,26068,3052,3603,52.1,86.8,58821,16885
V041,Library_Variant,G234R,1,40287,23773,330,388,42.4,6.9,58676,21937
V041,Library_Variant,G234R,2,45282,28771,335,377,49.4,3.2,58688,22854
V041,Library_Variant,G234R,3,45869,33958,316,361,46.5,3.7,56324,22013
V042,Library_Variant,K86S,1,41405,25357,2048,2451,43.4,72.2,58797,23031
V042,Library_Variant,K86S,2,46774,27784,1923,2166,43.7,77.5,55778,18738
V042,Library_Variant,K86S,3,41189,23733,2010,2314,45.6,73.1,58718,22442
V043,Library_Variant,C136D,1,40752,28325,1888,2213,40.8,70.6,60027,22452
V043,Library_Variant,C136D,2,41171,23719,2154,2570,40.8,70.4,57041,18080
V043,Library_Variant,C136D,3,43319,31885,1908,2233,49.6,73.0,58750,16530
V044,Library_Variant,W138D,1,54049,35534,2266,2691,45.1,84.8,60324,18765
V044,Library_Variant,W138D,2,45063,27904,2306,2625,33.0,85.4,55397,19705
V044,Library_Variant,W138D,3,42947,27996,2515,2914,53.6,85.1,59955,19958
V045,Library_Variant,R215E,1,45062,28414,4032,4620,58.4,92.7,57686,19442
V045,Library_Variant,R215E,2,40051,25701,3126,3630,46.6,92.8,58483,22390
V045,Library_Variant,R215E,3,52122,30430,4693,5360,38.5,91.8,54659,20906
V046,Library_Variant,H174T,1,38728,26223,2561,2891,54.6,84.6,59575,19511
V046,Library_Variant,H174T,2,44619,29616,2190,2410,54.2,84.1,50380,23481
V046,Library_Variant,H174T,3,34302,20264,2308,2638,53.6,87.6,58442,20532
V047,Library_Variant,M140E,1,42950,27952,413,461,44.5,4.0,54511,22515
V047,Library_Variant,M140E,2,42540,22579,403,483,37.1,12.2,61953,21032
V047,Library_Variant,M140E,3,55248,37488,409,467,48.5,9.6,52943,22072
V048,Library_Variant,V225A,1,56576,33521,1903,2148,54.2,68.9,56376,20265
V048,Library_Variant,V225A,2,42780,31091,1577,1771,43.0,67.7,58043,24098
V048,Library_Variant,V225A,3,47232,30621,1737,1919,55.6,67.0,57077,21972
V049,Library_Variant,L198R,1,45052,23013,3181,3646,54.8,87.6,59653,15673
V049,Library_Variant,L198R,2,46173,29011,2938,3435,39.7,81.7,56427,21203
V049,Library_Variant,L198R,3,44144,23275,3396,3990,51.9,88.3,57397,22948
V050,Library_Variant,K188G,1,47931,31686,376,421,56.5,9.7,57881,21474
V050,Library_Variant,K188G,2,52071,36892,330,381,48.3,10.7,54806,20155
V050,Library_Variant,K188G,3,41025,27463,451,501,53.8,7.2,54478,20428
